CV,
WT,
HBV,
 (Maji),
CV-1,
CV-2,
Vidonge (MT),
misky,
CV-10,
F,
WFF,
HIV,
 KGL,
CV-P,
C,
M,
ED,
(KGL,
PID 5,
DP,
WP,
HBV-1,
Juice,
P,
 MT,
 Powder,
KGL,
Maji,
F,
Ca- Powder,
S maji,
S,
C maji,
GYMN,
CA Unga,
 (Maji,
Missky,
Type-2 (Maji),
C17,
Msky,
Misky (skin),
Omega-3,
Misk,
Blackseed,
WT (white powder,
Misty,
Ca (Unga),
(Maji,
Type-2 (C,
NF,
Maji ,
MVI,
Mk,
WTT,
M.T.C,
CP-V,
Type 2,
VP,
WF,
CV-19,
CV-3,
CV-6,
CV-P ,
COV-P,
CV-4,
BP maji,
CV-5,
 B,
CV-7,
TR,
Ca-Powder,
P.I.D,
CP-P,
WT-Formular,
Ca,
 WT+KGL,
 DP,
 Macho-1,
T,
 Mafuta),
 WT,
 DP ,
 M,
Rosemary,
 KGL(Nyeusi),
Kijani,
 Nyeusi Kubwa,
 Ulceractive,
J,
 Potasium,
 White,
 white powder,
B,
 Type-2 (Powder),
Ascite,
Pain,
 Nyeusi,
 T,
 hormones,
Maji),
 WFF,
 Maji,
 poda,
  (Maji,
P),
O,
 CV,
 C,
 NyeusiNusu,
W,
Covid,
COV,
 HBV,
D,
WT+KGL,
Mafuta,
WFF),
 blackseeds,
 type-2 (OS),
AVG,
BPH,
white powder,
 Misky,
FN,